"Problem","Package","File","Priority","Line","Description","Rule set","Rule"
"1","com.igate.hbms.bean","src/com/igate/hbms/bean/HotelBean.java","3","76","Parameter 'avgRatePerNight' is not assigned and could be declared final","Optimization Rules","MethodArgumentCouldBeFinal"
"2","com.igate.hbms.bean","src/com/igate/hbms/bean/HotelBean.java","3","82","Parameter 'hotelID' is not assigned and could be declared final","Optimization Rules","MethodArgumentCouldBeFinal"
"3","com.igate.hbms.bean","src/com/igate/hbms/bean/HotelBean.java","3","88","Parameter 'city' is not assigned and could be declared final","Optimization Rules","MethodArgumentCouldBeFinal"
"4","com.igate.hbms.bean","src/com/igate/hbms/bean/HotelBean.java","3","94","Parameter 'hotelName' is not assigned and could be declared final","Optimization Rules","MethodArgumentCouldBeFinal"
"5","com.igate.hbms.bean","src/com/igate/hbms/bean/HotelBean.java","3","100","Parameter 'address' is not assigned and could be declared final","Optimization Rules","MethodArgumentCouldBeFinal"
"6","com.igate.hbms.bean","src/com/igate/hbms/bean/ReportBean.java","3","18","Parameter 'hotelId' is not assigned and could be declared final","Optimization Rules","MethodArgumentCouldBeFinal"
"7","com.igate.hbms.bean","src/com/igate/hbms/bean/ReportBean.java","3","24","Parameter 'hotelName' is not assigned and could be declared final","Optimization Rules","MethodArgumentCouldBeFinal"
"8","com.igate.hbms.bean","src/com/igate/hbms/bean/ReportBean.java","3","30","Parameter 'userFirstname' is not assigned and could be declared final","Optimization Rules","MethodArgumentCouldBeFinal"
"9","com.igate.hbms.bean","src/com/igate/hbms/bean/ReportBean.java","3","36","Parameter 'bookedFrom' is not assigned and could be declared final","Optimization Rules","MethodArgumentCouldBeFinal"
"10","com.igate.hbms.bean","src/com/igate/hbms/bean/ReportBean.java","3","42","Parameter 'bookedTo' is not assigned and could be declared final","Optimization Rules","MethodArgumentCouldBeFinal"
"11","com.igate.hbms.bean","src/com/igate/hbms/bean/RoomDetailsBean.java","3","24","Parameter 'hotelId' is not assigned and could be declared final","Optimization Rules","MethodArgumentCouldBeFinal"
"12","com.igate.hbms.bean","src/com/igate/hbms/bean/RoomDetailsBean.java","3","30","Parameter 'roomId' is not assigned and could be declared final","Optimization Rules","MethodArgumentCouldBeFinal"
"13","com.igate.hbms.bean","src/com/igate/hbms/bean/RoomDetailsBean.java","3","36","Parameter 'roomNo' is not assigned and could be declared final","Optimization Rules","MethodArgumentCouldBeFinal"
"14","com.igate.hbms.bean","src/com/igate/hbms/bean/RoomDetailsBean.java","3","42","Parameter 'roomType' is not assigned and could be declared final","Optimization Rules","MethodArgumentCouldBeFinal"
"15","com.igate.hbms.bean","src/com/igate/hbms/bean/RoomDetailsBean.java","3","48","Parameter 'perNightRate' is not assigned and could be declared final","Optimization Rules","MethodArgumentCouldBeFinal"
"16","com.igate.hbms.bean","src/com/igate/hbms/bean/RoomTypeBean.java","3","29","Parameter 'noOfRooms' is not assigned and could be declared final","Optimization Rules","MethodArgumentCouldBeFinal"
"17","com.igate.hbms.bean","src/com/igate/hbms/bean/RoomTypeBean.java","3","35","Parameter 'noOfNights' is not assigned and could be declared final","Optimization Rules","MethodArgumentCouldBeFinal"
"18","com.igate.hbms.bean","src/com/igate/hbms/bean/RoomTypeBean.java","3","41","Parameter 'noOfAdults' is not assigned and could be declared final","Optimization Rules","MethodArgumentCouldBeFinal"
"19","com.igate.hbms.bean","src/com/igate/hbms/bean/RoomTypeBean.java","3","47","Parameter 'noOfChildren' is not assigned and could be declared final","Optimization Rules","MethodArgumentCouldBeFinal"
"20","com.igate.hbms.bean","src/com/igate/hbms/bean/RoomTypeBean.java","3","53","Parameter 'fromDate' is not assigned and could be declared final","Optimization Rules","MethodArgumentCouldBeFinal"
"21","com.igate.hbms.bean","src/com/igate/hbms/bean/UserBean.java","3","69","Parameter 'mobile' is not assigned and could be declared final","Optimization Rules","MethodArgumentCouldBeFinal"
"22","com.igate.hbms.bean","src/com/igate/hbms/bean/UserBean.java","3","75","Parameter 'state' is not assigned and could be declared final","Optimization Rules","MethodArgumentCouldBeFinal"
"23","com.igate.hbms.bean","src/com/igate/hbms/bean/UserBean.java","3","81","Parameter 'pincode' is not assigned and could be declared final","Optimization Rules","MethodArgumentCouldBeFinal"
"24","com.igate.hbms.bean","src/com/igate/hbms/bean/UserBean.java","3","87","Parameter 'city' is not assigned and could be declared final","Optimization Rules","MethodArgumentCouldBeFinal"
"25","com.igate.hbms.bean","src/com/igate/hbms/bean/UserBean.java","3","93","Parameter 'gender' is not assigned and could be declared final","Optimization Rules","MethodArgumentCouldBeFinal"
"26","com.igate.hbms.bo","src/com/igate/hbms/bo/HbmsBO.java","3","17","Use explicit scoping instead of the default package private level","Controversial Rules","DefaultPackage"
"27","com.igate.hbms.bo","src/com/igate/hbms/bo/HbmsBO.java","3","18","Found non-transient, non-static member. Please mark as transient or provide accessors.","JavaBean Rules","BeanMembersShouldSerialize"
"28","com.igate.hbms.bo","src/com/igate/hbms/bo/HbmsBO.java","3","22","Parameter 'userBean' is not assigned and could be declared final","Optimization Rules","MethodArgumentCouldBeFinal"
"29","com.igate.hbms.bo","src/com/igate/hbms/bo/HbmsBO.java","3","30","Parameter 'userBean' is not assigned and could be declared final","Optimization Rules","MethodArgumentCouldBeFinal"
"30","com.igate.hbms.bo","src/com/igate/hbms/bo/HbmsBO.java","5","45","Found 'DD'-anomaly for variable 'locationList' (lines '45'-'46').","Controversial Rules","DataflowAnomalyAnalysis"
"31","com.igate.hbms.bo","src/com/igate/hbms/bo/HbmsBO.java","3","49","Parameter 'city' is not assigned and could be declared final","Optimization Rules","MethodArgumentCouldBeFinal"
"32","com.igate.hbms.bo","src/com/igate/hbms/bo/HbmsBO.java","5","52","Found 'DD'-anomaly for variable 'hotelList1' (lines '52'-'54').","Controversial Rules","DataflowAnomalyAnalysis"
"33","com.igate.hbms.bo","src/com/igate/hbms/bo/HbmsBO.java","5","54","Found 'DD'-anomaly for variable 'hotelList1' (lines '54'-'55').","Controversial Rules","DataflowAnomalyAnalysis"
"34","com.igate.hbms.bo","src/com/igate/hbms/bo/HbmsBO.java","3","59","Parameter 'hotelId' is not assigned and could be declared final","Optimization Rules","MethodArgumentCouldBeFinal"
"35","com.igate.hbms.bo","src/com/igate/hbms/bo/HbmsBO.java","5","61","Found 'DD'-anomaly for variable 'list' (lines '61'-'62').","Controversial Rules","DataflowAnomalyAnalysis"
"36","com.igate.hbms.bo","src/com/igate/hbms/bo/HbmsBO.java","5","62","Found 'DD'-anomaly for variable 'list' (lines '62'-'63').","Controversial Rules","DataflowAnomalyAnalysis"
"37","com.igate.hbms.bo","src/com/igate/hbms/bo/HbmsBO.java","3","68","Parameter 'perNightRate' is not assigned and could be declared final","Optimization Rules","MethodArgumentCouldBeFinal"
"38","com.igate.hbms.bo","src/com/igate/hbms/bo/HbmsBO.java","3","70","Local variable 'amount' could be declared final","Optimization Rules","LocalVariableCouldBeFinal"
"39","com.igate.hbms.bo","src/com/igate/hbms/bo/HbmsBO.java","3","71","Consider simply returning the value vs storing it in local variable 'amount'","Design Rules","UnnecessaryLocalBeforeReturn"
"40","com.igate.hbms.bo","src/com/igate/hbms/bo/HbmsBO.java","5","79","Found 'DD'-anomaly for variable 'hotelList1' (lines '79'-'80').","Controversial Rules","DataflowAnomalyAnalysis"
"41","com.igate.hbms.bo","src/com/igate/hbms/bo/HbmsBO.java","3","86","Local variable 'hotelId' could be declared final","Optimization Rules","LocalVariableCouldBeFinal"
"42","com.igate.hbms.bo","src/com/igate/hbms/bo/HbmsBO.java","3","87","Consider simply returning the value vs storing it in local variable 'hotelId'","Design Rules","UnnecessaryLocalBeforeReturn"
"43","com.igate.hbms.bo","src/com/igate/hbms/bo/HbmsBO.java","3","92","Local variable 'status' could be declared final","Optimization Rules","LocalVariableCouldBeFinal"
"44","com.igate.hbms.bo","src/com/igate/hbms/bo/HbmsBO.java","3","93","Consider simply returning the value vs storing it in local variable 'status'","Design Rules","UnnecessaryLocalBeforeReturn"
"45","com.igate.hbms.bo","src/com/igate/hbms/bo/HbmsBO.java","3","98","Local variable 'status' could be declared final","Optimization Rules","LocalVariableCouldBeFinal"
"46","com.igate.hbms.bo","src/com/igate/hbms/bo/HbmsBO.java","3","99","Consider simply returning the value vs storing it in local variable 'status'","Design Rules","UnnecessaryLocalBeforeReturn"
"47","com.igate.hbms.bo","src/com/igate/hbms/bo/HbmsBO.java","3","105","Local variable 'reportList' could be declared final","Optimization Rules","LocalVariableCouldBeFinal"
"48","com.igate.hbms.bo","src/com/igate/hbms/bo/HbmsBO.java","3","106","Consider simply returning the value vs storing it in local variable 'reportList'","Design Rules","UnnecessaryLocalBeforeReturn"
"49","com.igate.hbms.bo","src/com/igate/hbms/bo/HbmsBO.java","5","119","Found 'DD'-anomaly for variable 'hotellist' (lines '119'-'120').","Controversial Rules","DataflowAnomalyAnalysis"
"50","com.igate.hbms.bo","src/com/igate/hbms/bo/HbmsBO.java","5","120","Found 'DD'-anomaly for variable 'hotellist' (lines '120'-'121').","Controversial Rules","DataflowAnomalyAnalysis"
"51","com.igate.hbms.bo","src/com/igate/hbms/bo/IHbmsBO.java","3","23","Avoid modifiers which are implied by the context","Controversial Rules","UnusedModifier"
"52","com.igate.hbms.bo","src/com/igate/hbms/bo/IHbmsBO.java","3","24","Avoid modifiers which are implied by the context","Controversial Rules","UnusedModifier"
"53","com.igate.hbms.bo","src/com/igate/hbms/bo/IHbmsBO.java","3","25","Avoid modifiers which are implied by the context","Controversial Rules","UnusedModifier"
"54","com.igate.hbms.bo","src/com/igate/hbms/bo/IHbmsBO.java","3","26","Avoid modifiers which are implied by the context","Controversial Rules","UnusedModifier"
"55","com.igate.hbms.bo","src/com/igate/hbms/bo/IHbmsBO.java","3","27","Avoid modifiers which are implied by the context","Controversial Rules","UnusedModifier"
"56","com.igate.hbms.controller","src/com/igate/hbms/controller/HbmsController.java","3","33","Use explicit scoping instead of the default package private level","Controversial Rules","DefaultPackage"
"57","com.igate.hbms.controller","src/com/igate/hbms/controller/HbmsController.java","3","34","Found non-transient, non-static member. Please mark as transient or provide accessors.","JavaBean Rules","BeanMembersShouldSerialize"
"58","com.igate.hbms.controller","src/com/igate/hbms/controller/HbmsController.java","3","38","Parameter 'model' is not assigned and could be declared final","Optimization Rules","MethodArgumentCouldBeFinal"
"59","com.igate.hbms.controller","src/com/igate/hbms/controller/HbmsController.java","3","40","Local variable 'userBean' could be declared final","Optimization Rules","LocalVariableCouldBeFinal"
"60","com.igate.hbms.controller","src/com/igate/hbms/controller/HbmsController.java","3","49","Parameter 'model' is not assigned and could be declared final","Optimization Rules","MethodArgumentCouldBeFinal"
"61","com.igate.hbms.controller","src/com/igate/hbms/controller/HbmsController.java","3","49","Parameter 'result' is not assigned and could be declared final","Optimization Rules","MethodArgumentCouldBeFinal"
"62","com.igate.hbms.controller","src/com/igate/hbms/controller/HbmsController.java","3","49","Parameter 'userBean' is not assigned and could be declared final","Optimization Rules","MethodArgumentCouldBeFinal"
"63","com.igate.hbms.controller","src/com/igate/hbms/controller/HbmsController.java","5","52","Found 'DD'-anomaly for variable 'viewName' (lines '52'-'63').","Controversial Rules","DataflowAnomalyAnalysis"
"64","com.igate.hbms.controller","src/com/igate/hbms/controller/HbmsController.java","5","52","Found 'DD'-anomaly for variable 'viewName' (lines '52'-'66').","Controversial Rules","DataflowAnomalyAnalysis"
"65","com.igate.hbms.controller","src/com/igate/hbms/controller/HbmsController.java","5","52","Found 'DD'-anomaly for variable 'viewName' (lines '52'-'71').","Controversial Rules","DataflowAnomalyAnalysis"
"66","com.igate.hbms.controller","src/com/igate/hbms/controller/HbmsController.java","5","52","Found 'DD'-anomaly for variable 'viewName' (lines '52'-'76').","Controversial Rules","DataflowAnomalyAnalysis"
"67","com.igate.hbms.controller","src/com/igate/hbms/controller/HbmsController.java","3","62","Position literals first in String comparisons","Design Rules","PositionLiteralsFirstInComparisons"
"68","com.igate.hbms.controller","src/com/igate/hbms/controller/HbmsController.java","5","63","Found 'DD'-anomaly for variable 'viewName' (lines '63'-'66').","Controversial Rules","DataflowAnomalyAnalysis"
"69","com.igate.hbms.controller","src/com/igate/hbms/controller/HbmsController.java","5","63","Found 'DD'-anomaly for variable 'viewName' (lines '63'-'71').","Controversial Rules","DataflowAnomalyAnalysis"
"70","com.igate.hbms.controller","src/com/igate/hbms/controller/HbmsController.java","5","63","Found 'DD'-anomaly for variable 'viewName' (lines '63'-'76').","Controversial Rules","DataflowAnomalyAnalysis"
"71","com.igate.hbms.controller","src/com/igate/hbms/controller/HbmsController.java","3","65","Position literals first in String comparisons","Design Rules","PositionLiteralsFirstInComparisons"
"72","com.igate.hbms.controller","src/com/igate/hbms/controller/HbmsController.java","5","66","Found 'DD'-anomaly for variable 'viewName' (lines '66'-'71').","Controversial Rules","DataflowAnomalyAnalysis"
"73","com.igate.hbms.controller","src/com/igate/hbms/controller/HbmsController.java","5","66","Found 'DD'-anomaly for variable 'viewName' (lines '66'-'76').","Controversial Rules","DataflowAnomalyAnalysis"
"74","com.igate.hbms.controller","src/com/igate/hbms/controller/HbmsController.java","1","68","Avoid using equals() to compare against null","Design Rules","EqualsNull"
"75","com.igate.hbms.controller","src/com/igate/hbms/controller/HbmsController.java","3","68","Position literals first in String comparisons","Design Rules","PositionLiteralsFirstInComparisons"
"76","com.igate.hbms.controller","src/com/igate/hbms/controller/HbmsController.java","5","71","Found 'DD'-anomaly for variable 'viewName' (lines '71'-'76').","Controversial Rules","DataflowAnomalyAnalysis"
"77","com.igate.hbms.controller","src/com/igate/hbms/controller/HbmsController.java","3","75","The String literal 'message' appears 15 times in this file; the first occurrence is on line 75","String and StringBuffer Rules","AvoidDuplicateLiterals"
"78","com.igate.hbms.controller","src/com/igate/hbms/controller/HbmsController.java","3","80","This statement may have some unnecessary parentheses","Controversial Rules","UnnecessaryParentheses"
"79","com.igate.hbms.controller","src/com/igate/hbms/controller/HbmsController.java","3","87","Parameter 'model' is not assigned and could be declared final","Optimization Rules","MethodArgumentCouldBeFinal"
"80","com.igate.hbms.controller","src/com/igate/hbms/controller/HbmsController.java","3","88","Local variable 'userBean' could be declared final","Optimization Rules","LocalVariableCouldBeFinal"
"81","com.igate.hbms.controller","src/com/igate/hbms/controller/HbmsController.java","3","101","A method should have only one exit point, and that should be the last statement in the method","Controversial Rules","OnlyOneReturn"
"82","com.igate.hbms.controller","src/com/igate/hbms/controller/HbmsController.java","3","106","Avoid unnecessary comparisons in boolean expressions","Design Rules","SimplifyBooleanExpressions"
"83","com.igate.hbms.controller","src/com/igate/hbms/controller/HbmsController.java","3","107","A method should have only one exit point, and that should be the last statement in the method","Controversial Rules","OnlyOneReturn"
"84","com.igate.hbms.controller","src/com/igate/hbms/controller/HbmsController.java","5","118","Found 'DD'-anomaly for variable 'locationList' (lines '118'-'123').","Controversial Rules","DataflowAnomalyAnalysis"
"85","com.igate.hbms.controller","src/com/igate/hbms/controller/HbmsController.java","5","120","Found 'DD'-anomaly for variable 'viewname1' (lines '120'-'126').","Controversial Rules","DataflowAnomalyAnalysis"
"86","com.igate.hbms.controller","src/com/igate/hbms/controller/HbmsController.java","3","125","The String literal 'hotelBean' appears 6 times in this file; the first occurrence is on line 125","String and StringBuffer Rules","AvoidDuplicateLiterals"
"87","com.igate.hbms.controller","src/com/igate/hbms/controller/HbmsController.java","5","126","Found 'DU'-anomaly for variable 'viewname1' (lines '126'-'136').","Controversial Rules","DataflowAnomalyAnalysis"
"88","com.igate.hbms.controller","src/com/igate/hbms/controller/HbmsController.java","3","133","A method should have only one exit point, and that should be the last statement in the method","Controversial Rules","OnlyOneReturn"
"89","com.igate.hbms.controller","src/com/igate/hbms/controller/HbmsController.java","3","133","The String literal 'error' appears 4 times in this file; the first occurrence is on line 133","String and StringBuffer Rules","AvoidDuplicateLiterals"
"90","com.igate.hbms.controller","src/com/igate/hbms/controller/HbmsController.java","5","145","Found 'DD'-anomaly for variable 'hotelList' (lines '145'-'148').","Controversial Rules","DataflowAnomalyAnalysis"
"91","com.igate.hbms.controller","src/com/igate/hbms/controller/HbmsController.java","5","148","Found 'DD'-anomaly for variable 'hotelList' (lines '148'-'149').","Controversial Rules","DataflowAnomalyAnalysis"
"92","com.igate.hbms.controller","src/com/igate/hbms/controller/HbmsController.java","5","152","Found 'DU'-anomaly for variable 'viewName1' (lines '152'-'162').","Controversial Rules","DataflowAnomalyAnalysis"
"93","com.igate.hbms.controller","src/com/igate/hbms/controller/HbmsController.java","3","159","A method should have only one exit point, and that should be the last statement in the method","Controversial Rules","OnlyOneReturn"
"94","com.igate.hbms.controller","src/com/igate/hbms/controller/HbmsController.java","5","170","Found 'DD'-anomaly for variable 'list' (lines '170'-'171').","Controversial Rules","DataflowAnomalyAnalysis"
"95","com.igate.hbms.controller","src/com/igate/hbms/controller/HbmsController.java","5","171","Found 'DD'-anomaly for variable 'list' (lines '171'-'172').","Controversial Rules","DataflowAnomalyAnalysis"
"96","com.igate.hbms.controller","src/com/igate/hbms/controller/HbmsController.java","3","191","Local variable 'amount' could be declared final","Optimization Rules","LocalVariableCouldBeFinal"
"97","com.igate.hbms.controller","src/com/igate/hbms/controller/HbmsController.java","5","192","Found 'DD'-anomaly for variable 'view' (lines '192'-'197').","Controversial Rules","DataflowAnomalyAnalysis"
"98","com.igate.hbms.controller","src/com/igate/hbms/controller/HbmsController.java","5","192","Found 'DD'-anomaly for variable 'view' (lines '192'-'203').","Controversial Rules","DataflowAnomalyAnalysis"
"99","com.igate.hbms.controller","src/com/igate/hbms/controller/HbmsController.java","5","214","Found 'DD'-anomaly for variable 'cityList' (lines '214'-'215').","Controversial Rules","DataflowAnomalyAnalysis"
"100","com.igate.hbms.controller","src/com/igate/hbms/controller/HbmsController.java","5","215","Found 'DD'-anomaly for variable 'cityList' (lines '215'-'216').","Controversial Rules","DataflowAnomalyAnalysis"
"101","com.igate.hbms.controller","src/com/igate/hbms/controller/HbmsController.java","3","224","A method should have only one exit point, and that should be the last statement in the method","Controversial Rules","OnlyOneReturn"
"102","com.igate.hbms.controller","src/com/igate/hbms/controller/HbmsController.java","3","238","Local variable 'roomType' could be declared final","Optimization Rules","LocalVariableCouldBeFinal"
"103","com.igate.hbms.controller","src/com/igate/hbms/controller/HbmsController.java","5","246","Found 'DD'-anomaly for variable 'hotelList' (lines '246'-'247').","Controversial Rules","DataflowAnomalyAnalysis"
"104","com.igate.hbms.controller","src/com/igate/hbms/controller/HbmsController.java","5","247","Found 'DD'-anomaly for variable 'hotelList' (lines '247'-'248').","Controversial Rules","DataflowAnomalyAnalysis"
"105","com.igate.hbms.controller","src/com/igate/hbms/controller/HbmsController.java","3","258","Local variable 'hotelId' could be declared final","Optimization Rules","LocalVariableCouldBeFinal"
"106","com.igate.hbms.controller","src/com/igate/hbms/controller/HbmsController.java","5","276","Found 'DD'-anomaly for variable 'status' (lines '276'-'277').","Controversial Rules","DataflowAnomalyAnalysis"
"107","com.igate.hbms.controller","src/com/igate/hbms/controller/HbmsController.java","3","290","The String literal 'result' appears 10 times in this file; the first occurrence is on line 290","String and StringBuffer Rules","AvoidDuplicateLiterals"
"108","com.igate.hbms.controller","src/com/igate/hbms/controller/HbmsController.java","5","298","Found 'DD'-anomaly for variable 'status' (lines '298'-'299').","Controversial Rules","DataflowAnomalyAnalysis"
"109","com.igate.hbms.controller","src/com/igate/hbms/controller/HbmsController.java","3","314","Avoid unused local variables such as 'reportBean'.","Unused Code Rules","UnusedLocalVariable"
"110","com.igate.hbms.controller","src/com/igate/hbms/controller/HbmsController.java","5","314","Found 'DU'-anomaly for variable 'reportBean' (lines '314'-'319').","Controversial Rules","DataflowAnomalyAnalysis"
"111","com.igate.hbms.controller","src/com/igate/hbms/controller/HbmsController.java","5","333","Found 'DD'-anomaly for variable 'viewName' (lines '333'-'338').","Controversial Rules","DataflowAnomalyAnalysis"
"112","com.igate.hbms.controller","src/com/igate/hbms/controller/HbmsController.java","5","338","Found 'DD'-anomaly for variable 'viewName' (lines '338'-'343').","Controversial Rules","DataflowAnomalyAnalysis"
"113","com.igate.hbms.controller","src/com/igate/hbms/controller/HbmsController.java","5","359","Found 'DU'-anomaly for variable 'viewName' (lines '359'-'379').","Controversial Rules","DataflowAnomalyAnalysis"
"114","com.igate.hbms.controller","src/com/igate/hbms/controller/HbmsController.java","3","362","Avoid if (x != y) ..; else ..;","Design Rules","ConfusingTernary"
"115","com.igate.hbms.controller","src/com/igate/hbms/controller/HbmsController.java","2","399","Avoid reassigning parameters such as 'hotelBean1'","Design Rules","AvoidReassigningParameters"
"116","com.igate.hbms.controller","src/com/igate/hbms/controller/HbmsController.java","5","401","Found 'DD'-anomaly for variable 'viewName' (lines '401'-'406').","Controversial Rules","DataflowAnomalyAnalysis"
"117","com.igate.hbms.controller","src/com/igate/hbms/controller/HbmsController.java","5","406","Found 'DD'-anomaly for variable 'viewName' (lines '406'-'411').","Controversial Rules","DataflowAnomalyAnalysis"
"118","com.igate.hbms.controller","src/com/igate/hbms/controller/HbmsController.java","5","428","Found 'DD'-anomaly for variable 'viewName' (lines '428'-'433').","Controversial Rules","DataflowAnomalyAnalysis"
"119","com.igate.hbms.controller","src/com/igate/hbms/controller/HbmsController.java","5","428","Found 'DD'-anomaly for variable 'viewName' (lines '428'-'448').","Controversial Rules","DataflowAnomalyAnalysis"
"120","com.igate.hbms.controller","src/com/igate/hbms/controller/HbmsController.java","5","428","Found 'DD'-anomaly for variable 'viewName' (lines '428'-'455').","Controversial Rules","DataflowAnomalyAnalysis"
"121","com.igate.hbms.controller","src/com/igate/hbms/controller/HbmsController.java","3","442","Avoid unnecessary comparisons in boolean expressions","Design Rules","SimplifyBooleanExpressions"
"122","com.igate.hbms.controller","src/com/igate/hbms/controller/HbmsController.java","5","448","Found 'DD'-anomaly for variable 'viewName' (lines '448'-'455').","Controversial Rules","DataflowAnomalyAnalysis"
"123","com.igate.hbms.controller","src/com/igate/hbms/controller/HbmsController.java","5","480","Found 'DD'-anomaly for variable 'viewName' (lines '480'-'496').","Controversial Rules","DataflowAnomalyAnalysis"
"124","com.igate.hbms.controller","src/com/igate/hbms/controller/HbmsController.java","5","480","Found 'DD'-anomaly for variable 'viewName' (lines '480'-'502').","Controversial Rules","DataflowAnomalyAnalysis"
"125","com.igate.hbms.controller","src/com/igate/hbms/controller/HbmsController.java","5","480","Found 'DU'-anomaly for variable 'viewName' (lines '480'-'506').","Controversial Rules","DataflowAnomalyAnalysis"
"126","com.igate.hbms.controller","src/com/igate/hbms/controller/HbmsController.java","3","491","Avoid unnecessary comparisons in boolean expressions","Design Rules","SimplifyBooleanExpressions"
"127","com.igate.hbms.controller","src/com/igate/hbms/controller/HbmsController.java","3","495","Do not add empty strings","Optimization Rules","AddEmptyString"
"128","com.igate.hbms.controller","src/com/igate/hbms/controller/HbmsController.java","5","496","Found 'DD'-anomaly for variable 'viewName' (lines '496'-'502').","Controversial Rules","DataflowAnomalyAnalysis"
"129","com.igate.hbms.dao","src/com/igate/hbms/dao/DisplayRoomRowMapper.java","4","6","Avoid unused imports such as 'javax.servlet.jsp.jstl.sql.Result'","Type Resolution Rules","UnusedImports"
"130","com.igate.hbms.dao","src/com/igate/hbms/dao/DisplayRoomRowMapper.java","4","6","Avoid unused imports such as 'javax.servlet.jsp.jstl.sql.Result'","Type Resolution Rules","UnusedImports"
"131","com.igate.hbms.dao","src/com/igate/hbms/dao/DisplayRoomRowMapper.java","3","17","Avoid variables with short names like rs","Naming Rules","ShortVariable"
"132","com.igate.hbms.dao","src/com/igate/hbms/dao/DisplayRoomRowMapper.java","3","17","Parameter 'rowNum' is not assigned and could be declared final","Optimization Rules","MethodArgumentCouldBeFinal"
"133","com.igate.hbms.dao","src/com/igate/hbms/dao/DisplayRoomRowMapper.java","3","17","Parameter 'rs' is not assigned and could be declared final","Optimization Rules","MethodArgumentCouldBeFinal"
"134","com.igate.hbms.dao","src/com/igate/hbms/dao/DisplayRoomRowMapper.java","3","19","Local variable 'roomTypeBean' could be declared final","Optimization Rules","LocalVariableCouldBeFinal"
"135","com.igate.hbms.dao","src/com/igate/hbms/dao/HbmsDAO.java","3","30","Parameter 'jdbcTemplate' is not assigned and could be declared final","Optimization Rules","MethodArgumentCouldBeFinal"
"136","com.igate.hbms.dao","src/com/igate/hbms/dao/HbmsDAO.java","3","34","Parameter 'userBean' is not assigned and could be declared final","Optimization Rules","MethodArgumentCouldBeFinal"
"137","com.igate.hbms.dao","src/com/igate/hbms/dao/HbmsDAO.java","5","35","Found 'DU'-anomaly for variable 'check' (lines '35'-'74').","Controversial Rules","DataflowAnomalyAnalysis"
"138","com.igate.hbms.dao","src/com/igate/hbms/dao/HbmsDAO.java","5","35","Found 'DU'-anomaly for variable 'check' (lines '35'-'74').","Controversial Rules","DataflowAnomalyAnalysis"
"139","com.igate.hbms.dao","src/com/igate/hbms/dao/HbmsDAO.java","5","36","Found 'DU'-anomaly for variable 'query' (lines '36'-'74').","Controversial Rules","DataflowAnomalyAnalysis"
"140","com.igate.hbms.dao","src/com/igate/hbms/dao/HbmsDAO.java","5","36","Found 'DU'-anomaly for variable 'query' (lines '36'-'74').","Controversial Rules","DataflowAnomalyAnalysis"
"141","com.igate.hbms.dao","src/com/igate/hbms/dao/HbmsDAO.java","3","36","Local variable 'query' could be declared final","Optimization Rules","LocalVariableCouldBeFinal"
"142","com.igate.hbms.dao","src/com/igate/hbms/dao/HbmsDAO.java","5","37","Found 'DU'-anomaly for variable 'mapper' (lines '37'-'74').","Controversial Rules","DataflowAnomalyAnalysis"
"143","com.igate.hbms.dao","src/com/igate/hbms/dao/HbmsDAO.java","5","37","Found 'DU'-anomaly for variable 'mapper' (lines '37'-'74').","Controversial Rules","DataflowAnomalyAnalysis"
"144","com.igate.hbms.dao","src/com/igate/hbms/dao/HbmsDAO.java","3","37","Local variable 'mapper' could be declared final","Optimization Rules","LocalVariableCouldBeFinal"
"145","com.igate.hbms.dao","src/com/igate/hbms/dao/HbmsDAO.java","3","39","Avoid variables with short names like rs","Naming Rules","ShortVariable"
"146","com.igate.hbms.dao","src/com/igate/hbms/dao/HbmsDAO.java","3","48","Avoid printStackTrace(); use a logger call instead.","Java Logging Rules","AvoidPrintStackTrace"
"147","com.igate.hbms.dao","src/com/igate/hbms/dao/HbmsDAO.java","2","52","System.out.print is used","Java Logging Rules","SystemPrintln"
"148","com.igate.hbms.dao","src/com/igate/hbms/dao/HbmsDAO.java","3","56","Local variable 'userBean1' could be declared final","Optimization Rules","LocalVariableCouldBeFinal"
"149","com.igate.hbms.dao","src/com/igate/hbms/dao/HbmsDAO.java","1","57","Avoid using equals() to compare against null","Design Rules","EqualsNull"
"150","com.igate.hbms.dao","src/com/igate/hbms/dao/HbmsDAO.java","3","59","Assigning an Object to null is a code smell.  Consider refactoring.","Controversial Rules","NullAssignment"
"151","com.igate.hbms.dao","src/com/igate/hbms/dao/HbmsDAO.java","3","76","Parameter 'hotelId' is not assigned and could be declared final","Optimization Rules","MethodArgumentCouldBeFinal"
"152","com.igate.hbms.dao","src/com/igate/hbms/dao/HbmsDAO.java","5","78","Found 'DD'-anomaly for variable 'list' (lines '78'-'79').","Controversial Rules","DataflowAnomalyAnalysis"
"153","com.igate.hbms.dao","src/com/igate/hbms/dao/HbmsDAO.java","5","79","Found 'DD'-anomaly for variable 'list' (lines '79'-'80').","Controversial Rules","DataflowAnomalyAnalysis"
"154","com.igate.hbms.dao","src/com/igate/hbms/dao/HbmsDAO.java","3","85","Parameter 'perNightRate' is not assigned and could be declared final","Optimization Rules","MethodArgumentCouldBeFinal"
"155","com.igate.hbms.dao","src/com/igate/hbms/dao/HbmsDAO.java","3","85","Parameter 'roomId' is not assigned and could be declared final","Optimization Rules","MethodArgumentCouldBeFinal"
"156","com.igate.hbms.dao","src/com/igate/hbms/dao/HbmsDAO.java","5","87","Found 'DD'-anomaly for variable 'amount' (lines '87'-'150').","Controversial Rules","DataflowAnomalyAnalysis"
"157","com.igate.hbms.dao","src/com/igate/hbms/dao/HbmsDAO.java","3","88","Local variable 'fromDate' could be declared final","Optimization Rules","LocalVariableCouldBeFinal"
"158","com.igate.hbms.dao","src/com/igate/hbms/dao/HbmsDAO.java","2","89","System.out.print is used","Java Logging Rules","SystemPrintln"
"159","com.igate.hbms.dao","src/com/igate/hbms/dao/HbmsDAO.java","3","90","Avoid variables with short names like a","Naming Rules","ShortVariable"
"160","com.igate.hbms.dao","src/com/igate/hbms/dao/HbmsDAO.java","3","90","Local variable 'a' could be declared final","Optimization Rules","LocalVariableCouldBeFinal"
"161","com.igate.hbms.dao","src/com/igate/hbms/dao/HbmsDAO.java","3","92","Avoid unused local variables such as 'year2'.","Unused Code Rules","UnusedLocalVariable"
"162","com.igate.hbms.dao","src/com/igate/hbms/dao/HbmsDAO.java","5","92","Found 'DU'-anomaly for variable 'year2' (lines '92'-'167').","Controversial Rules","DataflowAnomalyAnalysis"
"163","com.igate.hbms.dao","src/com/igate/hbms/dao/HbmsDAO.java","3","94","Avoid unused local variables such as 'month2'.","Unused Code Rules","UnusedLocalVariable"
"164","com.igate.hbms.dao","src/com/igate/hbms/dao/HbmsDAO.java","5","94","Found 'DU'-anomaly for variable 'month2' (lines '94'-'167').","Controversial Rules","DataflowAnomalyAnalysis"
"165","com.igate.hbms.dao","src/com/igate/hbms/dao/HbmsDAO.java","3","96","Avoid unused local variables such as 'day2'.","Unused Code Rules","UnusedLocalVariable"
"166","com.igate.hbms.dao","src/com/igate/hbms/dao/HbmsDAO.java","5","96","Found 'DU'-anomaly for variable 'day2' (lines '96'-'167').","Controversial Rules","DataflowAnomalyAnalysis"
"167","com.igate.hbms.dao","src/com/igate/hbms/dao/HbmsDAO.java","5","99","Found 'DU'-anomaly for variable 'sqlDate' (lines '99'-'167').","Controversial Rules","DataflowAnomalyAnalysis"
"168","com.igate.hbms.dao","src/com/igate/hbms/dao/HbmsDAO.java","3","102","Avoid variables with short names like b","Naming Rules","ShortVariable"
"169","com.igate.hbms.dao","src/com/igate/hbms/dao/HbmsDAO.java","3","104","Avoid unused local variables such as 'year3'.","Unused Code Rules","UnusedLocalVariable"
"170","com.igate.hbms.dao","src/com/igate/hbms/dao/HbmsDAO.java","5","104","Found 'DU'-anomaly for variable 'year3' (lines '104'-'167').","Controversial Rules","DataflowAnomalyAnalysis"
"171","com.igate.hbms.dao","src/com/igate/hbms/dao/HbmsDAO.java","3","106","Avoid unused local variables such as 'month3'.","Unused Code Rules","UnusedLocalVariable"
"172","com.igate.hbms.dao","src/com/igate/hbms/dao/HbmsDAO.java","5","106","Found 'DU'-anomaly for variable 'month3' (lines '106'-'167').","Controversial Rules","DataflowAnomalyAnalysis"
"173","com.igate.hbms.dao","src/com/igate/hbms/dao/HbmsDAO.java","5","108","Found 'DU'-anomaly for variable 'day3' (lines '108'-'167').","Controversial Rules","DataflowAnomalyAnalysis"
"174","com.igate.hbms.dao","src/com/igate/hbms/dao/HbmsDAO.java","5","111","Found 'DU'-anomaly for variable 'sqlDate1' (lines '111'-'167').","Controversial Rules","DataflowAnomalyAnalysis"
"175","com.igate.hbms.dao","src/com/igate/hbms/dao/HbmsDAO.java","5","112","Found 'DU'-anomaly for variable 'sysDate' (lines '112'-'167').","Controversial Rules","DataflowAnomalyAnalysis"
"176","com.igate.hbms.dao","src/com/igate/hbms/dao/HbmsDAO.java","3","144","Avoid variables with short names like d1","Naming Rules","ShortVariable"
"177","com.igate.hbms.dao","src/com/igate/hbms/dao/HbmsDAO.java","3","145","Avoid variables with short names like d2","Naming Rules","ShortVariable"
"178","com.igate.hbms.dao","src/com/igate/hbms/dao/HbmsDAO.java","5","150","Found 'DU'-anomaly for variable 'amount' (lines '150'-'167').","Controversial Rules","DataflowAnomalyAnalysis"
"179","com.igate.hbms.dao","src/com/igate/hbms/dao/HbmsDAO.java","3","154","A method should have only one exit point, and that should be the last statement in the method","Controversial Rules","OnlyOneReturn"
"180","com.igate.hbms.dao","src/com/igate/hbms/dao/HbmsDAO.java","3","154","Consider simply returning the value vs storing it in local variable 'days2'","Design Rules","UnnecessaryLocalBeforeReturn"
"181","com.igate.hbms.dao","src/com/igate/hbms/dao/HbmsDAO.java","5","161","Found 'DU'-anomaly for variable 'count' (lines '161'-'167').","Controversial Rules","DataflowAnomalyAnalysis"
"182","com.igate.hbms.dao","src/com/igate/hbms/dao/HbmsDAO.java","5","162","Found 'DU'-anomaly for variable 'i' (lines '162'-'167').","Controversial Rules","DataflowAnomalyAnalysis"
"183","com.igate.hbms.dao","src/com/igate/hbms/dao/HbmsDAO.java","3","177","Avoid if (x != y) ..; else ..;","Design Rules","ConfusingTernary"
"184","com.igate.hbms.dao","src/com/igate/hbms/dao/HbmsDAO.java","5","191","Found 'DD'-anomaly for variable 'locationList' (lines '191'-'193').","Controversial Rules","DataflowAnomalyAnalysis"
"185","com.igate.hbms.dao","src/com/igate/hbms/dao/HbmsDAO.java","5","200","Found 'DD'-anomaly for variable 'hotelList' (lines '200'-'202').","Controversial Rules","DataflowAnomalyAnalysis"
"186","com.igate.hbms.dao","src/com/igate/hbms/dao/HbmsDAO.java","5","208","Found 'DD'-anomaly for variable 'hotelList' (lines '208'-'211').","Controversial Rules","DataflowAnomalyAnalysis"
"187","com.igate.hbms.dao","src/com/igate/hbms/dao/HbmsDAO.java","3","221","Consider simply returning the value vs storing it in local variable 'hotelId'","Design Rules","UnnecessaryLocalBeforeReturn"
"188","com.igate.hbms.dao","src/com/igate/hbms/dao/HbmsDAO.java","5","226","Found 'DD'-anomaly for variable 'status' (lines '226'-'231').","Controversial Rules","DataflowAnomalyAnalysis"
"189","com.igate.hbms.dao","src/com/igate/hbms/dao/HbmsDAO.java","5","239","Found 'DD'-anomaly for variable 'status' (lines '239'-'244').","Controversial Rules","DataflowAnomalyAnalysis"
"190","com.igate.hbms.dao","src/com/igate/hbms/dao/HbmsDAO.java","2","253","System.out.print is used","Java Logging Rules","SystemPrintln"
"191","com.igate.hbms.dao","src/com/igate/hbms/dao/HbmsDAO.java","5","255","Found 'DD'-anomaly for variable 'reportList' (lines '255'-'264').","Controversial Rules","DataflowAnomalyAnalysis"
"192","com.igate.hbms.dao","src/com/igate/hbms/dao/HbmsDAO.java","5","255","Found 'DU'-anomaly for variable 'reportList' (lines '255'-'275').","Controversial Rules","DataflowAnomalyAnalysis"
"193","com.igate.hbms.dao","src/com/igate/hbms/dao/HbmsDAO.java","3","264","Avoid instantiating new objects inside loops","Optimization Rules","AvoidInstantiatingObjectsInLoops"
"194","com.igate.hbms.dao","src/com/igate/hbms/dao/HbmsDAO.java","5","287","Found 'DD'-anomaly for variable 'list' (lines '287'-'288').","Controversial Rules","DataflowAnomalyAnalysis"
"195","com.igate.hbms.dao","src/com/igate/hbms/dao/HbmsDAO.java","5","303","Found 'DD'-anomaly for variable 'count' (lines '303'-'304').","Controversial Rules","DataflowAnomalyAnalysis"
"196","com.igate.hbms.dao","src/com/igate/hbms/dao/HbmsDAO.java","5","322","Found 'DU'-anomaly for variable 'mapper' (lines '322'-'346').","Controversial Rules","DataflowAnomalyAnalysis"
"197","com.igate.hbms.dao","src/com/igate/hbms/dao/HbmsDAO.java","5","322","Found 'DU'-anomaly for variable 'mapper' (lines '322'-'346').","Controversial Rules","DataflowAnomalyAnalysis"
"198","com.igate.hbms.dao","src/com/igate/hbms/dao/HbmsDAO.java","3","345","Consider simply returning the value vs storing it in local variable 'bean'","Design Rules","UnnecessaryLocalBeforeReturn"
"199","com.igate.hbms.dao","src/com/igate/hbms/dao/HbmsDAO.java","5","359","Found 'DD'-anomaly for variable 'update1' (lines '359'-'364').","Controversial Rules","DataflowAnomalyAnalysis"
"200","com.igate.hbms.dao","src/com/igate/hbms/dao/HbmsDAO.java","5","380","Found 'DD'-anomaly for variable 'add1' (lines '380'-'385').","Controversial Rules","DataflowAnomalyAnalysis"
"201","com.igate.hbms.dao","src/com/igate/hbms/dao/HotelResultSetExtractor.java","3","30","Parameter 'rst' is not assigned and could be declared final","Optimization Rules","MethodArgumentCouldBeFinal"
"202","com.igate.hbms.dao","src/com/igate/hbms/dao/HotelResultSetExtractor.java","3","33","Local variable 'hotelBean' could be declared final","Optimization Rules","LocalVariableCouldBeFinal"
"203","com.igate.hbms.dao","src/com/igate/hbms/dao/HotelResultSetExtractor.java","2","36","System.out.print is used","Java Logging Rules","SystemPrintln"
"204","com.igate.hbms.dao","src/com/igate/hbms/dao/HotelRowMapper.java","3","12","Avoid variables with short names like rs","Naming Rules","ShortVariable"
"205","com.igate.hbms.dao","src/com/igate/hbms/dao/HotelRowMapper.java","3","12","Parameter 'rowNum' is not assigned and could be declared final","Optimization Rules","MethodArgumentCouldBeFinal"
"206","com.igate.hbms.dao","src/com/igate/hbms/dao/HotelRowMapper.java","3","12","Parameter 'rs' is not assigned and could be declared final","Optimization Rules","MethodArgumentCouldBeFinal"
"207","com.igate.hbms.dao","src/com/igate/hbms/dao/HotelRowMapper.java","5","14","Found 'DD'-anomaly for variable 'hotelBean' (lines '14'-'16').","Controversial Rules","DataflowAnomalyAnalysis"
"208","com.igate.hbms.dao","src/com/igate/hbms/dao/HotelRowMapper1.java","3","30","Parameter 'rowNum' is not assigned and could be declared final","Optimization Rules","MethodArgumentCouldBeFinal"
"209","com.igate.hbms.dao","src/com/igate/hbms/dao/HotelRowMapper1.java","3","30","Parameter 'rst' is not assigned and could be declared final","Optimization Rules","MethodArgumentCouldBeFinal"
"210","com.igate.hbms.dao","src/com/igate/hbms/dao/HotelRowMapper1.java","3","32","Avoid excessively long variable names like hotelResultSetExtractor","Naming Rules","LongVariable"
"211","com.igate.hbms.dao","src/com/igate/hbms/dao/HotelRowMapper1.java","3","32","Local variable 'hotelResultSetExtractor' could be declared final","Optimization Rules","LocalVariableCouldBeFinal"
"212","com.igate.hbms.dao","src/com/igate/hbms/dao/HotelRowMapper1.java","3","33","Local variable 'hotelBean' could be declared final","Optimization Rules","LocalVariableCouldBeFinal"
"213","com.igate.hbms.dao","src/com/igate/hbms/dao/HotelRowMapper1.java","3","34","Consider simply returning the value vs storing it in local variable 'hotelBean'","Design Rules","UnnecessaryLocalBeforeReturn"
"214","com.igate.hbms.dao","src/com/igate/hbms/dao/IHbmsDAO.java","3","21","Avoid modifiers which are implied by the context","Controversial Rules","UnusedModifier"
"215","com.igate.hbms.dao","src/com/igate/hbms/dao/IHbmsDAO.java","3","22","Avoid modifiers which are implied by the context","Controversial Rules","UnusedModifier"
"216","com.igate.hbms.dao","src/com/igate/hbms/dao/IHbmsDAO.java","3","24","Avoid modifiers which are implied by the context","Controversial Rules","UnusedModifier"
"217","com.igate.hbms.dao","src/com/igate/hbms/dao/IHbmsDAO.java","3","25","Avoid modifiers which are implied by the context","Controversial Rules","UnusedModifier"
"218","com.igate.hbms.dao","src/com/igate/hbms/dao/IHbmsDAO.java","3","26","Avoid modifiers which are implied by the context","Controversial Rules","UnusedModifier"
"219","com.igate.hbms.dao","src/com/igate/hbms/dao/ReportRowMapper.java","4","8","Avoid unused imports such as 'com.igate.hbms.bean.HotelBean'","Type Resolution Rules","UnusedImports"
"220","com.igate.hbms.dao","src/com/igate/hbms/dao/ReportRowMapper.java","4","8","Avoid unused imports such as 'com.igate.hbms.bean.HotelBean'","Type Resolution Rules","UnusedImports"
"221","com.igate.hbms.dao","src/com/igate/hbms/dao/ReportRowMapper.java","3","14","Avoid variables with short names like rs","Naming Rules","ShortVariable"
"222","com.igate.hbms.dao","src/com/igate/hbms/dao/ReportRowMapper.java","3","14","Parameter 'arg1' is not assigned and could be declared final","Optimization Rules","MethodArgumentCouldBeFinal"
"223","com.igate.hbms.dao","src/com/igate/hbms/dao/ReportRowMapper.java","3","14","Parameter 'rs' is not assigned and could be declared final","Optimization Rules","MethodArgumentCouldBeFinal"
"224","com.igate.hbms.dao","src/com/igate/hbms/dao/ReportRowMapper.java","3","18","Local variable 'reportBean' could be declared final","Optimization Rules","LocalVariableCouldBeFinal"
